{
    "keep": {
        "days": true,
        "amount": 7
    },
    "auditLog": "C:\\Users\\mrtprak1\\AppData\\Local\\Temp\\.ansys\\LicensingSettingsUtility\\logs\\.audit.json",
    "files": [
        {
            "date": 1761660339686,
            "name": "C:\\Users\\mrtprak1\\AppData\\Local\\Temp\\.ansys\\LicensingSettingsUtility\\logs\\2025-10-28.log",
            "hash": "6657d3ff92fd062d7b6dc5eea75a57a4316ebe573e294789c0c792c20fc4025e"
        },
        {
            "date": 1762172925339,
            "name": "C:\\Users\\mrtprak1\\AppData\\Local\\Temp\\.ansys\\LicensingSettingsUtility\\logs\\2025-11-03.log",
            "hash": "eea215c74a2e95e6232a736b24278b04bc728a52dfd6cfd87c966d8014b050ee"
        }
    ],
    "hashType": "sha256"
}